patient_id,name,password,health_details_submitted,created_at
1,jahnavi,1234,0,2026-02-20T07:00:48Z
2,sdf,1234,1,2026-02-20T07:01:05Z
3,hjk,1234,0,2026-02-20T07:16:14Z
4,sv,8520,0,2026-02-20T07:19:47Z
5,sf,1234,1,2026-02-20T07:24:06Z
6,janu,1234,1,2026-02-23T05:59:17Z
7,lasya,1234,1,2026-02-23T08:13:46Z
8,fan,1234,1,2026-02-24T08:08:29Z
9,fau,1234,1,2026-02-24T08:09:36Z
10,funny,1234,1,2026-02-24T08:15:58Z
11,pavi,1234,1,2026-02-24T08:41:29Z
12,smile,1234,1,2026-02-24T14:11:21Z
13,smiley,1234,1,2026-02-25T05:41:26Z
14,frb,1234,1,2026-02-25T05:56:31Z
15,surya,1234,0,2026-02-25T06:45:10Z
16,test,test123,1,2026-02-25T07:25:15Z
17,test2,test2123,0,2026-02-25T07:58:38Z
